Categorias,Notice
US & Canada
US & Canada
Europe
Europe
Europe
Technology
US & Canada
Europe
BBC Sport
US & Canada
US & Canada
US & Canada
US & Canada
Australia
Newsbeat
Asia
BBC Future
BBC Worklife
BBC Travel
BBC Culture
BBC Future
BBC Worklife
BBC Travel
Tennis
Football
Football
Tennis
Golf
Football
Tennis
Florida hunkers down for 'unprecedented' hurricane
Florida hunkers down for 'unprecedented' hurricane
Wagner chief Prigozhin buried in private funeral
US ex-marine seen in Russian labour camp video
Chess rivals settle long-running cheating dispute
Google tests watermark to identify AI images
Canadian 'poison seller' faces more charges
'Dying by the dozens every day' - Ukraine losses climb
The Boston Marathon pioneer who raced a lie
Top US House Republican Scalise has rare cancer
Biden names 10 drugs for Medicare price negotiations
Top US House Republican Scalise has rare cancer
Biden names 10 drugs for Medicare price negotiations
Live worm found in woman's brain in world first
The Idol cancelled after one season
J-pop talent boss told to quit over predator's abuse
Can pop stars stop politicians using their music?
BBC World News TV
BBC World Service Radio
Satellite images show lightning strikes surrounding Idalia
How the Atlantic's most powerful hurricanes are born
Mysterious military time capsule contents revealed
'He just went to the store - we lost him forever'
Bears encroach on evacuated Canadian town
False claims about Florida shooting spreading online
How to prepare for a hurricane
The former conspiracy theorist who now runs elections
I had the liver of an alcoholic at the age of 10
Hermoso kiss sparks sexism debate beyond football
African music legend sings tune of Mali's coup leaders
How long until a robot is doing your dishes?
Do antibiotics ruin your gut health?
Why unhappy workers can't quit
Why Indigenous tourism is booming in US
Why sequins are so exhilarating to wear
The epic hurricane tug of war
TV's surprising new star
"India's simple, everyday comfort dish"
US Open day two - live text
EFL Cup: Updates from 19 second-round ties
Spanish FA exploring options to sack Vilda
Medvedev advances at US Open with 74-minute win
Koepka and Thomas named in US Ryder Cup team
FA charges Van Dijk after Newcastle red card
Jabeur overcomes medical concerns to beat Osorio
