Categoria,Noticia
US & Canada,Florida hunkers down for 'unprecedented' hurricane
N/A,N/A
Europe,Wagner chief Prigozhin buried in private funeral
Europe,US ex-marine seen in Russian labour camp video
Europe,Chess rivals settle long-running cheating dispute
Technology,Google tests watermark to identify AI images
US & Canada,Canadian 'poison seller' faces more charges
Europe,'Dying by the dozens every day' - Ukraine losses climb
BBC Sport,The Boston Marathon pioneer who raced a lie
US & Canada,Top US House Republican Scalise has rare cancer
US & Canada,Biden names 10 drugs for Medicare price negotiations
US & Canada,Top US House Republican Scalise has rare cancer
US & Canada,Biden names 10 drugs for Medicare price negotiations
Australia,Live worm found in woman's brain in world first
Newsbeat,The Idol cancelled after one season
Asia,J-pop talent boss told to quit over predator's abuse
N/A,Can pop stars stop politicians using their music?
N/A,BBC World News TV
N/A,BBC World Service Radio
N/A,Satellite images show lightning strikes surrounding Idalia
N/A,How the Atlantic's most powerful hurricanes are born
N/A,Mysterious military time capsule contents revealed
N/A,'He just went to the store - we lost him forever'
N/A,Bears encroach on evacuated Canadian town
N/A,False claims about Florida shooting spreading online
N/A,How to prepare for a hurricane
N/A,The former conspiracy theorist who now runs elections
N/A,I had the liver of an alcoholic at the age of 10
N/A,Hermoso kiss sparks sexism debate beyond football
N/A,African music legend sings tune of Mali's coup leaders
N/A,How long until a robot is doing your dishes?
BBC Future,Do antibiotics ruin your gut health?
BBC Worklife,Why unhappy workers can't quit
BBC Travel,Why Indigenous tourism is booming in US
BBC Culture,Why sequins are so exhilarating to wear
BBC Future,The epic hurricane tug of war
BBC Worklife,TV's surprising new star
BBC Travel,"India's simple, everyday comfort dish"
Tennis,US Open day two - live text
Football,EFL Cup: Updates from 19 second-round ties
Football,Spanish FA exploring options to sack Vilda
Tennis,Medvedev advances at US Open with 74-minute win
Golf,Koepka and Thomas named in US Ryder Cup team
Football,FA charges Van Dijk after Newcastle red card
Tennis,Jabeur overcomes medical concerns to beat Osorio
